Node,Latitude,Longitude
0,55.744053,12.100706
1,55.744972,12.111641
6,55.855342,9.34444
7,55.855342,9.34444
8,55.892933,9.411119
9,55.855342,9.34444
11,55.256702,8.794227
13,57.011631,10.147937
14,57.012577,10.144385
15,55.398748,10.973442
19,56.332909,9.547093
20,56.333412,9.546414
21,55.344669,9.495568
22,55.419662,9.141547
27,55.251633,8.803967
29,55.421444,11.032104
31,55.857883,9.316834
32,55.85804,9.316468
33,55.857967,9.316475
34,55.857922,9.316529
35,55.75555,12.202003
36,55.756386,12.207334
37,55.869217,9.357055
38,55.869164,9.357064
45,56.333942,9.54571
47,56.33411,9.545438
49,57.016113,10.13284
51,57.015316,10.13617
53,55.893375,12.36218
54,55.61077,12.605163
55,55.61077,12.605163
58,55.61557,12.541224
61,55.660666,11.084562
68,55.603613,12.480991
71,55.720848,12.255648
72,55.729961,12.353683
73,55.677391,12.464158
75,55.457699,12.033552
82,55.167537,11.881575
83,55.876038,12.128802
84,55.659695,12.4396
85,55.785038,12.014406
86,55.78508,12.014395
87,55.727268,12.325895
88,55.695525,12.408178
89,54.855499,11.885132
90,54.646767,11.415274
91,55.604233,12.289631
92,55.277181,11.804278
95,55.731339,12.492584
97,55.716335,12.2795
98,55.885314,12.199052
101,55.326262,11.960859
102,55.656864,12.556663
104,55.652828,12.128135
105,55.403035,11.281239
113,55.313832,11.751303
114,55.724346,12.29508
115,55.681564,12.374719
116,55.715816,12.219157
118,54.741868,11.957476
119,55.613972,12.34637
120,55.613972,12.34637
123,55.525984,12.163356
124,55.61077,12.605163
125,55.608083,12.083768
126,55.641688,12.120652
127,55.686429,11.089188
128,55.686429,11.089188
135,55.55262,12.203203
136,55.629074,11.864497
145,55.812648,11.879275
146,55.746407,12.475535
147,55.688175,12.464206
148,55.806135,11.982091
149,55.002861,11.884099
150,55.607384,12.243462
151,55.754503,12.333464
152,55.930481,11.49902
153,55.224613,11.759207
154,55.652069,11.098023
155,55.64957,12.155074
156,55.649601,12.155272
157,55.542999,11.649495
158,54.952441,11.853901
159,55.57409,11.958918
161,54.798729,11.705179
162,54.6937,11.389576
163,54.566111,11.888889
164,54.566111,11.888889
165,55.281754,11.73259
166,55.442952,11.791372
167,55.909157,12.004425
168,55.299604,11.876905
169,55.63979,12.468899
170,55.651428,11.09214
171,55.468506,12.064932
172,55.822784,12.150088
173,55.871418,12.488514
174,55.658306,11.083409
176,55.207937,11.252884
177,55.764408,12.303845
179,55.739151,11.494564
180,55.784702,12.026054
181,55.783886,12.026399
182,55.648736,12.34887
183,55.659189,12.481904
184,55.646343,12.156389
185,54.83009,11.369707
186,55.783867,12.027546
187,55.791809,12.102108
188,55.227604,11.831065
189,55.468743,11.687626
191,55.415527,9.142577
192,55.250481,10.184942
193,55.250481,10.184942
194,57.015198,9.910309
196,55.48416,9.230925
197,55.920204,9.193711
198,55.889874,9.205196
199,55.848778,9.226268
200,55.055337,8.825295
201,57.19466,10.532154
202,55.44186,9.454365
203,56.809239,8.406137
204,56.540637,9.009996
205,56.540637,9.009996
206,56.202221,9.678877
207,57.275477,10.360934
209,55.523115,8.718392
214,55.248013,8.816174
215,55.461371,8.465259
216,56.952654,9.896131
217,56.889275,9.750013
220,55.356517,10.494852
221,55.013054,9.959256
226,57.229874,9.548523
227,57.07103,8.914672
228,57.086899,8.993541
231,55.470329,10.413262
232,54.837265,9.939439
233,55.470229,10.003763
234,56.251228,9.990297
235,55.852586,9.763335
236,56.138557,8.967322
238,56.468422,9.969376
239,55.508338,8.915697
240,55.533333,7.983333
243,56.220539,9.942106
244,57.113141,9.922104
245,57.034007,9.926426
246,56.087627,10.037798
247,56.353335,8.542942
248,56.353335,8.542942
249,55.653503,8.693995
250,56.632819,9.902724
252,55.036837,9.233831
253,55.890377,9.031795
254,56.611183,9.765431
255,55.414311,9.956188
256,55.189205,9.928267
257,57.048874,9.237662
258,57.095486,9.166193
259,55.691669,9.481395
260,55.535461,9.519667
261,55.488316,9.506796
262,56.252308,9.914416
263,56.039837,8.864873
264,56.519997,9.429735
265,55.491734,8.50316
266,55.288223,9.343282
267,56.126492,9.897433
268,56.037094,9.991382
269,56.369148,10.498739
272,56.253824,10.345829
273,56.253824,10.345829
274,56.303658,10.006909
275,56.324287,10.382488
276,56.798416,9.649873
277,57.021456,8.677556
278,57.145329,10.196089
281,57.045826,9.944759
282,57.004448,9.996919
283,55.403756,10.40237
284,55.403756,10.40237
285,56.451889,8.840709
286,55.42664,9.139972
287,55.326936,8.774665
288,56.702825,8.985066
289,55.608868,9.656923
290,57.465893,10.243263
291,55.941835,8.782893
294,55.020821,9.434881
295,56.74155,8.680869
296,57.174992,9.886358
297,56.48493,8.589933
298,55.917387,8.597298
299,55.067434,10.607282
302,55.512378,9.618761
303,55.512378,9.618761
304,54.913811,9.792178
305,56.353328,9.586598
306,55.907213,9.259782
307,57.265865,9.93792
311,56.51081,9.611657
316,56.338509,9.547951
321,56.292545,10.123431
323,56.128578,10.348822
326,57.06829,10.12555
327,56.829948,9.648077
335,56.09002,8.626757
336,56.904179,9.285334
338,55.510269,8.464495
339,57.052702,9.995638
340,56.272919,10.847788
