Node 1,Node 2
35,0
1,36
8,9
37,214
38,214
6,32
6,31
6,9
7,33
7,34
37,8
38,8
7,9
11,27
14,49
51,13
15,29
19,45
20,47
35,177
36,177
53,173
83,173
88,147
89,161
89,118
118,161
123,171
127,128
127,154
128,154
166,171
168,101
177,173
177,180
177,53
177,83
179,152
180,181
182,84
185,162
185,161
187,83
188,153
53,98
54,58
55,58
55,102
55,124
58,73
58,95
58,102
58,124
58,169
61,127
61,128
61,170
61,174
61,179
68,84
71,97
71,114
72,87
72,116
73,95
73,147
73,169
75,171
82,92
82,149
82,158
82,165
83,98
83,116
83,172
83,180
84,88
84,119
85,180
86,180
87,88
87,114
88,97
88,115
88,146
89,149
90,162
90,185
91,120
91,125
91,150
91,159
92,165
92,168
95,169
95,173
98,173
101,171
102,147
102,183
104,125
104,126
104,184
105,157
105,176
113,153
113,166
114,151
115,182
116,145
116,148
116,151
116,182
119,182
120,184
123,135
125,136
125,171
125,184
135,150
136,174
136,179
136,182
145,148
145,187
147,183
148,167
152,179
153,165
153,176
153,188
154,170
155,184
156,184
157,159
157,189
158,161
158,188
161,162
161,163
161,164
165,171
166,189
172,187
173,177
176,185
181,186
182,184
22,286
191,22
27,214
253,31
253,32
253,33
253,34
29,221
45,316
47,316
49,327
51,327
192,284
192,299
193,304
194,216
194,245
194,339
196,202
196,239
196,266
197,236
197,306
198,286
198,316
200,252
200,265
200,287
201,278
201,281
202,260
203,277
203,295
203,297
204,205
204,247
204,264
288,204
206,236
206,305
207,290
207,326
209,239
209,265
214,286
215,265
216,276
216,307
217,282
217,316
217,323
217,327
220,231
220,283
220,299
221,232
221,256
221,261
226,244
226,258
226,276
227,228
227,257
227,277
231,233
231,283
231,284
233,255
289,233
234,262
234,274
234,243
235,259
235,267
236,291
236,297
238,250
238,321
240,249
243,267
244,278
244,281
244,296
245,276
246,267
246,321
247,285
247,297
247,335
248,316
249,265
249,291
249,298
250,254
250,307
252,266
294,252
252,294
253,261
253,286
256,261
257,258
257,336
259,260
259,306
260,289
260,302
261,268
261,286
261,303
262,267
262,321
263,298
263,335
264,311
265,287
338,265
268,323
269,321
269,340
272,321
273,323
274,321
275,321
276,311
276,336
281,290
281,339
282,327
285,297
199,286
199,316
288,295
289,302
294,304
294,21
298,335
311,305
305,321
321,340
326,339